,Linear,Cumulative,Recursive,Q 2.1,Q 2.2,Q 2.3,Q 2.4 a),Q 2.4 b)
Q 1.1 a),75.00000000,93.50578499,95.47176750,0.93505785,79.93627778,0.00000000,0.00000000,0.00000000
Q 1.1 b),0.00000000,3.50000000,3.77436743,0.95715965,,0.00000000,0.00000000,0.00000000
Q 1.2 a),-5.00000000,-4.14995676,-3.50980670,0.91811880,,0.19497454,-0.24371048,0.22081015
Q 1.2 b),-0.20000000,-0.22148137,-0.25714117,1.23495200,,0.80232571,1.33595819,0.67646221
Q 1.3 a),0.00000000,0.42350307,-0.01560608,,,,
Q 1.3 b),0.00000000,0.00508310,-0.00029401,,,,
